{
    "model_name": "DeepFusionBPNetwork",
    "model_parameters": {
        "model_input_type": 0,
        "normalisator": null,
        "filter_type": "Filter II",
        "mode": "ct"
    },
    "geometry": {
        "mode": "fan",
        "image_size": [
            0.5859375,
            300.0,
            300.0
        ],
        "image_shape": [
            1,
            512,
            512
        ],
        "voxel_size": [
            0.5859375,
            0.5859375,
            0.5859375
        ],
        "image_pos": [
            0,
            0,
            0
        ],
        "detector_shape": [
            1,
            900
        ],
        "detector_size": [
            1,
            900
        ],
        "pixel_size": [
            1.0,
            1.0
        ],
        "dso": 575,
        "dsd": 1050,
        "angles": [
            0.0,
            0.017453292519943295,
            0.03490658503988659,
            0.05235987755982989,
            0.06981317007977318,
            0.08726646259971647,
            0.10471975511965978,
            0.12217304763960307,
            0.13962634015954636,
            0.15707963267948966,
            0.17453292519943295,
            0.19198621771937624,
            0.20943951023931956,
            0.22689280275926285,
            0.24434609527920614,
            0.2617993877991494,
            0.2792526803190927,
            0.29670597283903605,
            0.3141592653589793,
            0.33161255787892263,
            0.3490658503988659,
            0.3665191429188092,
            0.3839724354387525,
            0.4014257279586958,
            0.4188790204786391,
            0.4363323129985824,
            0.4537856055185257,
            0.47123889803846897,
            0.4886921905584123,
            0.5061454830783556,
            0.5235987755982988,
            0.5410520681182421,
            0.5585053606381855,
            0.5759586531581288,
            0.5934119456780721,
            0.6108652381980153,
            0.6283185307179586,
            0.6457718232379019,
            0.6632251157578453,
            0.6806784082777885,
            0.6981317007977318,
            0.7155849933176751,
            0.7330382858376184,
            0.7504915783575618,
            0.767944870877505,
            0.7853981633974483,
            0.8028514559173916,
            0.8203047484373349,
            0.8377580409572782,
            0.8552113334772214,
            0.8726646259971648,
            0.8901179185171081,
            0.9075712110370514,
            0.9250245035569946,
            0.9424777960769379,
            0.9599310885968813,
            0.9773843811168246,
            0.9948376736367679,
            1.0122909661567112,
            1.0297442586766545,
            1.0471975511965976,
            1.064650843716541,
            1.0821041362364843,
            1.0995574287564276,
            1.117010721276371,
            1.1344640137963142,
            1.1519173063162575,
            1.1693705988362009,
            1.1868238913561442,
            1.2042771838760873,
            1.2217304763960306,
            1.239183768915974,
            1.2566370614359172,
            1.2740903539558606,
            1.2915436464758039,
            1.3089969389957472,
            1.3264502315156905,
            1.3439035240356338,
            1.361356816555577,
            1.3788101090755203,
            1.3962634015954636,
            1.413716694115407,
            1.4311699866353502,
            1.4486232791552935,
            1.4660765716752369,
            1.4835298641951802,
            1.5009831567151235,
            1.5184364492350666,
            1.53588974175501,
            1.5533430342749532,
            1.5707963267948966,
            1.5882496193148399,
            1.6057029118347832,
            1.6231562043547265,
            1.6406094968746698,
            1.6580627893946132,
            1.6755160819145565,
            1.6929693744344996,
            1.710422666954443,
            1.7278759594743862,
            1.7453292519943295,
            1.7627825445142729,
            1.7802358370342162,
            1.7976891295541595,
            1.8151424220741028,
            1.8325957145940461,
            1.8500490071139892,
            1.8675022996339325,
            1.8849555921538759,
            1.9024088846738192,
            1.9198621771937625,
            1.9373154697137058,
            1.9547687622336491,
            1.9722220547535925,
            1.9896753472735358,
            2.007128639793479,
            2.0245819323134224,
            2.0420352248333655,
            2.059488517353309,
            2.076941809873252,
            2.0943951023931953,
            2.111848394913139,
            2.129301687433082,
            2.1467549799530254,
            2.1642082724729685,
            2.181661564992912,
            2.199114857512855,
            2.2165681500327987,
            2.234021442552742,
            2.251474735072685,
            2.2689280275926285,
            2.2863813201125716,
            2.303834612632515,
            2.321287905152458,
            2.3387411976724017,
            2.356194490192345,
            2.3736477827122884,
            2.3911010752322315,
            2.4085543677521746,
            2.426007660272118,
            2.443460952792061,
            2.4609142453120048,
            2.478367537831948,
            2.4958208303518914,
            2.5132741228718345,
            2.530727415391778,
            2.548180707911721,
            2.5656340004316642,
            2.5830872929516078,
            2.600540585471551,
            2.6179938779914944,
            2.6354471705114375,
            2.652900463031381,
            2.670353755551324,
            2.6878070480712677,
            2.705260340591211,
            2.722713633111154,
            2.7401669256310974,
            2.7576202181510405,
            2.775073510670984,
            2.792526803190927,
            2.8099800957108707,
            2.827433388230814,
            2.8448866807507573,
            2.8623399732707004,
            2.8797932657906435,
            2.897246558310587,
            2.91469985083053,
            2.9321531433504737,
            2.949606435870417,
            2.9670597283903604,
            2.9845130209103035,
            3.001966313430247,
            3.01941960595019,
            3.036872898470133,
            3.0543261909900767,
            3.07177948351002,
            3.0892327760299634,
            3.1066860685499065,
            3.12413936106985,
            3.141592653589793,
            3.1590459461097367,
            3.1764992386296798,
            3.193952531149623,
            3.2114058236695664,
            3.2288591161895095,
            3.246312408709453,
            3.263765701229396,
            3.2812189937493397,
            3.2986722862692828,
            3.3161255787892263,
            3.3335788713091694,
            3.351032163829113,
            3.368485456349056,
            3.385938748868999,
            3.4033920413889427,
            3.420845333908886,
            3.4382986264288293,
            3.4557519189487724,
            3.473205211468716,
            3.490658503988659,
            3.5081117965086026,
            3.5255650890285457,
            3.543018381548489,
            3.5604716740684323,
            3.5779249665883754,
            3.595378259108319,
            3.612831551628262,
            3.6302848441482056,
            3.6477381366681487,
            3.6651914291880923,
            3.6826447217080354,
            3.7000980142279785,
            3.717551306747922,
            3.735004599267865,
            3.7524578917878086,
            3.7699111843077517,
            3.7873644768276953,
            3.8048177693476384,
            3.822271061867582,
            3.839724354387525,
            3.857177646907468,
            3.8746309394274117,
            3.8920842319473548,
